	X	label
0	2	0
1	2	0
2	3	0
3	1	0
4	1	0
5	2	0
6	3	0
7	3	0
8	0	0
9	3	0
10	1	0
11	1	0
12	2	0
13	5	0
14	3	0
15	3	0
16	1	0
17	2	0
18	1	0
19	3	0
20	2	0
21	4	0
22	4	0
23	1	0
24	3	0
25	3	0
26	0	0
27	1	0
28	2	0
29	2	0
30	4	0
31	0	0
32	2	0
33	0	0
34	0	0
35	2	0
36	3	0
37	3	0
38	2	0
39	0	0
40	1	0
41	1	0
42	2	0
43	2	0
44	0	0
45	0	0
46	1	0
47	1	0
48	1	0
49	3	0
50	0	0
51	2	0
52	1	0
53	0	0
54	2	0
55	1	0
56	1	0
57	5	0
58	3	0
59	0	0
60	2	0
61	1	0
62	1	0
63	5	0
64	1	0
65	2	0
66	3	0
67	0	0
68	2	0
69	3	0
70	2	0
71	2	0
72	0	0
73	3	0
74	1	0
75	2	0
76	1	0
77	2	0
78	1	0
79	1	0
80	0	0
81	1	0
82	2	0
83	1	0
84	3	0
85	2	0
86	2	0
87	4	0
88	2	0
89	2	0
90	2	0
91	1	0
92	3	0
93	0	0
94	4	0
95	1	0
96	2	0
97	2	0
98	1	0
99	3	0
100	3	0
101	0	0
102	4	0
103	1	0
104	1	0
105	1	0
106	1	0
107	4	0
108	2	0
109	1	0
110	5	0
111	1	0
112	1	0
113	1	0
114	4	0
115	1	0
116	2	0
117	1	0
118	3	0
119	4	0
120	2	0
121	3	0
122	3	0
123	0	0
124	2	0
125	3	0
126	2	0
127	4	0
128	1	0
129	7	0
130	0	0
131	2	0
132	3	0
133	1	0
134	2	0
135	2	0
136	3	0
137	1	0
138	5	0
139	5	0
140	4	0
141	3	0
142	2	0
143	4	0
144	0	0
145	2	0
146	1	0
147	1	0
148	1	0
149	2	0
150	2	0
151	1	0
152	2	0
153	1	0
154	0	0
155	3	0
156	2	0
157	1	0
158	3	0
159	0	0
160	3	0
161	2	0
162	2	0
163	5	0
164	1	0
165	2	0
166	4	0
167	1	0
168	3	0
169	2	0
170	1	0
171	2	0
172	3	0
173	1	0
174	2	0
175	3	0
176	0	0
177	3	0
178	1	0
179	1	0
180	2	0
181	5	0
182	1	0
183	1	0
184	1	0
185	2	0
186	3	0
187	3	0
188	2	0
189	2	0
190	1	0
191	1	0
192	2	0
193	2	0
194	3	0
195	1	0
196	3	0
197	1	0
198	1	0
199	3	0
200	3	0
201	2	0
202	2	0
203	1	0
204	4	0
205	1	0
206	4	0
207	0	0
208	1	0
209	4	0
210	5	0
211	0	0
212	2	0
213	4	0
214	1	0
215	1	0
216	2	0
217	1	0
218	0	0
219	5	0
220	3	0
221	3	0
222	2	0
223	3	0
224	4	0
225	0	0
226	1	0
227	1	0
228	2	0
229	2	0
230	2	0
231	1	0
232	3	0
233	0	0
234	2	0
235	1	0
236	2	0
237	2	0
238	2	0
239	2	0
240	1	0
241	0	0
242	2	0
243	3	0
244	0	0
245	3	0
246	2	0
247	0	0
248	5	0
249	3	0
250	2	0
251	0	0
252	0	0
253	1	0
254	1	0
255	0	0
256	3	0
257	2	0
258	3	0
259	2	0
260	5	0
261	1	0
262	2	0
263	4	0
264	1	0
265	3	0
266	3	0
267	3	0
268	5	0
269	1	0
270	3	0
271	0	0
272	0	0
273	1	0
274	1	0
275	3	0
276	2	0
277	1	0
278	0	0
279	0	0
280	2	0
281	1	0
282	4	0
283	0	0
284	3	0
285	3	0
286	1	0
287	2	0
288	3	0
289	1	0
290	1	0
291	6	0
292	2	0
293	1	0
294	2	0
295	3	0
296	3	0
297	0	0
298	1	0
299	0	0
300	3	0
301	1	0
302	4	0
303	2	0
304	2	0
305	1	0
306	2	0
307	1	0
308	1	0
309	0	0
310	1	0
311	2	0
312	6	0
313	2	0
314	4	0
315	0	0
316	0	0
317	1	0
318	2	0
319	4	0
320	4	0
321	3	0
322	2	0
323	3	0
324	2	0
325	2	0
326	1	0
327	2	0
328	2	0
329	3	0
330	3	0
331	6	0
332	2	0
333	3	0
334	1	0
335	3	0
336	2	0
337	2	0
338	2	0
339	3	0
340	2	0
341	3	0
342	0	0
343	1	0
344	3	0
345	0	0
346	4	0
347	3	0
348	2	0
349	3	0
350	1	0
351	5	0
352	1	0
353	5	0
354	5	0
355	5	0
356	3	0
357	1	0
358	3	0
359	1	0
360	0	0
361	4	0
362	1	0
363	3	0
364	4	0
365	4	0
366	1	0
367	5	0
368	1	0
369	2	0
370	0	0
371	4	0
372	1	0
373	2	0
374	1	0
375	2	0
376	5	0
377	3	0
378	3	0
379	2	0
380	0	0
381	2	0
382	2	0
383	1	0
384	2	0
385	3	0
386	3	0
387	6	0
388	1	0
389	0	0
390	1	0
391	0	0
392	3	0
393	2	0
394	5	0
395	3	0
396	0	0
397	4	0
398	2	0
399	1	0
400	1	0
401	3	0
402	1	0
403	2	0
404	0	0
405	2	0
406	2	0
407	3	0
408	2	0
409	2	0
410	3	0
411	1	0
412	2	0
413	3	0
414	0	0
415	2	0
416	1	0
417	2	0
418	2	0
419	1	0
420	2	0
421	3	0
422	2	0
423	1	0
424	0	0
425	1	0
426	4	0
427	2	0
428	2	0
429	3	0
430	0	0
431	2	0
432	2	0
433	1	0
434	2	0
435	2	0
436	1	0
437	3	0
438	2	0
439	5	0
440	1	0
441	3	0
442	0	0
443	1	0
444	2	0
445	1	0
446	3	0
447	0	0
448	0	0
449	2	0
450	3	0
451	4	0
452	2	0
453	0	0
454	4	0
455	3	0
456	3	0
457	2	0
458	4	0
459	3	0
460	2	0
461	2	0
462	3	0
463	4	0
464	3	0
465	1	0
466	1	0
467	4	0
468	2	0
469	1	0
470	3	0
471	1	0
472	3	0
473	2	0
474	1	0
475	1	0
476	0	0
477	4	0
478	4	0
479	2	0
480	3	0
481	0	0
482	2	0
483	1	0
484	0	0
485	1	0
486	1	0
487	6	0
488	1	0
489	2	0
490	4	0
491	5	0
492	2	0
493	4	0
494	0	0
495	4	0
496	5	0
497	2	0
498	4	0
499	0	0
500	4	0
501	1	0
502	2	0
503	2	0
504	1	0
505	3	0
506	1	0
507	2	0
508	0	0
509	1	0
510	3	0
511	4	0
512	4	0
513	5	0
514	1	0
515	1	0
516	1	0
517	3	0
518	0	0
519	1	0
520	1	0
521	3	0
522	0	0
523	1	0
524	0	0
525	2	0
526	2	0
527	0	0
528	2	0
529	2	0
530	2	0
531	0	0
532	0	0
533	4	0
534	3	0
535	1	0
536	3	0
537	3	0
538	2	0
539	2	0
540	2	0
541	3	0
542	2	0
543	1	0
544	1	0
545	1	0
546	2	0
547	1	0
548	3	0
549	3	0
550	2	0
551	1	0
552	4	0
553	4	0
554	1	0
555	2	0
556	1	0
557	3	0
558	2	0
559	0	0
560	2	0
561	2	0
562	3	0
563	3	0
564	0	0
565	0	0
566	2	0
567	4	0
568	4	0
569	0	0
570	4	0
571	0	0
572	2	0
573	1	0
574	1	0
575	2	0
576	0	0
577	0	0
578	2	0
579	1	0
580	4	0
581	3	0
582	3	0
583	1	0
584	0	0
585	0	0
586	2	0
587	1	0
588	1	0
589	5	0
590	0	0
591	0	0
592	1	0
593	2	0
594	1	0
595	0	0
596	2	0
597	3	0
598	2	0
599	2	0
600	5	0
601	2	0
602	5	0
603	3	0
604	2	0
605	1	0
606	0	0
607	1	0
608	2	0
609	5	0
610	4	0
611	3	0
612	1	0
613	3	0
614	0	0
615	1	0
616	1	0
617	4	0
618	2	0
619	1	0
620	1	0
621	3	0
622	2	0
623	2	0
624	0	0
625	6	0
626	0	0
627	2	0
628	4	0
629	0	0
630	2	0
631	0	0
632	0	0
633	2	0
634	4	0
635	0	0
636	1	0
637	0	0
638	1	0
639	3	0
640	3	0
641	3	0
642	4	0
643	2	0
644	4	0
645	1	0
646	2	0
647	4	0
648	2	0
649	0	0
650	0	0
651	1	0
652	1	0
653	3	0
654	0	0
655	6	0
656	2	0
657	1	0
658	2	0
659	3	0
660	0	0
661	0	0
662	4	0
663	2	0
664	1	0
665	3	0
666	2	0
667	2	0
668	1	0
669	4	0
670	0	0
671	1	0
672	3	0
673	0	0
674	3	0
675	1	0
676	0	0
677	1	0
678	2	0
679	2	0
680	4	0
681	2	0
682	1	0
683	1	0
684	1	0
685	2	0
686	2	0
687	1	0
688	3	0
689	1	0
690	3	0
691	1	0
692	2	0
693	5	0
694	1	0
695	1	0
696	5	0
697	2	0
698	5	0
699	1	0
700	4	0
701	1	0
702	3	0
703	4	0
704	3	0
705	2	0
706	1	0
707	5	0
708	3	0
709	3	0
710	4	0
711	2	0
712	0	0
713	0	0
714	3	0
715	4	0
716	0	0
717	3	0
718	2	0
719	2	0
720	2	0
721	2	0
722	0	0
723	6	0
724	2	0
725	2	0
726	4	0
727	2	0
728	5	0
729	1	0
730	1	0
731	4	0
732	3	0
733	3	0
734	2	0
735	3	0
736	3	0
737	3	0
738	0	0
739	0	0
740	2	0
741	4	0
742	3	0
743	2	0
744	2	0
745	1	0
746	4	0
747	0	0
748	2	0
749	2	0
750	3	0
751	7	0
752	2	0
753	3	0
754	1	0
755	1	0
756	4	0
757	1	0
758	7	0
759	5	0
760	3	0
761	2	0
762	5	0
763	3	0
764	0	0
765	5	0
766	3	0
767	2	0
768	2	0
769	1	0
770	2	0
771	4	0
772	3	0
773	2	0
774	3	0
775	4	0
776	1	0
777	4	0
778	0	0
779	0	0
780	1	0
781	3	0
782	0	0
783	0	0
784	0	0
785	2	0
786	2	0
787	1	0
788	1	0
789	2	0
790	2	0
791	1	0
792	0	0
793	2	0
794	2	0
795	2	0
796	1	0
797	2	0
798	2	0
799	3	0
800	1	0
801	3	0
802	1	0
803	0	0
804	3	0
805	3	0
806	1	0
807	5	0
808	2	0
809	3	0
810	0	0
811	3	0
812	0	0
813	0	0
814	4	0
815	2	0
816	3	0
817	1	0
818	1	0
819	3	0
820	2	0
821	1	0
822	0	0
823	5	0
824	0	0
825	2	0
826	1	0
827	1	0
828	3	0
829	2	0
830	1	0
831	4	0
832	3	0
833	2	0
834	0	0
835	1	0
836	6	0
837	2	0
838	3	0
839	4	0
840	1	0
841	2	0
842	0	0
843	1	0
844	2	0
845	2	0
846	4	0
847	3	0
848	2	0
849	3	0
850	2	0
851	1	0
852	6	0
853	2	0
854	3	0
855	0	0
856	1	0
857	8	0
858	1	0
859	0	0
860	2	0
861	2	0
862	2	0
863	3	0
864	6	0
865	4	0
866	3	0
867	1	0
868	2	0
869	1	0
870	1	0
871	0	0
872	0	0
873	4	0
874	4	0
875	0	0
876	1	0
877	1	0
878	2	0
879	2	0
880	0	0
881	1	0
882	3	0
883	0	0
884	2	0
885	1	0
886	1	0
887	0	0
888	0	0
889	2	0
890	1	0
891	2	0
892	0	0
893	0	0
894	2	0
895	0	0
896	1	0
897	3	0
898	1	0
899	1	0
900	0	0
901	3	0
902	3	0
903	2	0
904	5	0
905	3	0
906	1	0
907	3	0
908	1	0
909	1	0
910	3	0
911	1	0
912	3	0
913	3	0
914	2	0
915	1	0
916	4	0
917	1	0
918	0	0
919	2	0
920	3	0
921	1	0
922	2	0
923	2	0
924	3	0
925	2	0
926	3	0
927	4	0
928	1	0
929	0	0
930	3	0
931	4	0
932	3	0
933	2	0
934	1	0
935	1	0
936	0	0
937	3	0
938	5	0
939	3	0
940	3	0
941	2	0
942	2	0
943	1	0
944	2	0
945	0	0
946	3	0
947	2	0
948	0	0
949	0	0
950	3	0
951	4	0
952	1	0
953	5	0
954	4	0
955	0	0
956	1	0
957	3	0
958	2	0
959	4	0
960	2	0
961	4	0
962	1	0
963	2	0
964	2	0
965	1	0
966	0	0
967	2	0
968	2	0
969	1	0
970	3	0
971	2	0
972	3	0
973	0	0
974	4	0
975	3	0
976	2	0
977	3	0
978	2	0
979	1	0
980	0	0
981	1	0
982	1	0
983	3	0
984	1	0
985	1	0
986	1	0
987	0	0
988	0	0
989	1	0
990	4	0
991	2	0
992	1	0
993	2	0
994	3	0
995	3	0
996	1	0
997	1	0
998	3	0
999	1	0
1000	7	1
1001	19	1
1002	11	1
1003	10	1
1004	11	1
1005	13	1
1006	7	1
1007	17	1
1008	17	1
1009	8	1
1010	12	1
1011	15	1
1012	10	1
1013	14	1
1014	12	1
1015	14	1
1016	9	1
1017	14	1
1018	14	1
1019	10	1
1020	14	1
1021	10	1
1022	11	1
1023	10	1
1024	11	1
1025	15	1
1026	10	1
1027	20	1
1028	11	1
1029	16	1
1030	13	1
1031	10	1
1032	10	1
1033	6	1
1034	10	1
1035	17	1
1036	14	1
1037	13	1
1038	9	1
1039	9	1
1040	17	1
1041	9	1
1042	13	1
1043	9	1
1044	9	1
1045	14	1
1046	12	1
1047	8	1
1048	9	1
1049	9	1
1050	10	1
1051	13	1
1052	16	1
1053	12	1
1054	7	1
1055	11	1
1056	7	1
1057	9	1
1058	18	1
1059	13	1
1060	12	1
1061	11	1
1062	14	1
1063	8	1
1064	13	1
1065	13	1
1066	9	1
1067	10	1
1068	9	1
1069	9	1
1070	14	1
1071	14	1
1072	18	1
1073	17	1
1074	11	1
1075	6	1
1076	5	1
1077	11	1
1078	5	1
1079	12	1
1080	13	1
1081	13	1
1082	1	1
1083	13	1
1084	7	1
1085	7	1
1086	11	1
1087	6	1
1088	11	1
1089	13	1
1090	12	1
1091	10	1
1092	10	1
1093	10	1
1094	9	1
1095	13	1
1096	19	1
1097	8	1
1098	13	1
1099	17	1
1100	7	1
1101	9	1
1102	11	1
1103	8	1
1104	8	1
1105	6	1
1106	11	1
1107	10	1
1108	10	1
1109	13	1
1110	10	1
1111	13	1
1112	13	1
1113	10	1
1114	9	1
1115	11	1
1116	17	1
1117	3	1
1118	9	1
1119	12	1
1120	10	1
1121	16	1
1122	18	1
1123	11	1
1124	12	1
1125	10	1
1126	17	1
1127	13	1
1128	8	1
1129	12	1
1130	12	1
1131	10	1
1132	6	1
1133	13	1
1134	10	1
1135	11	1
1136	11	1
1137	15	1
1138	8	1
1139	12	1
1140	10	1
1141	9	1
1142	11	1
1143	9	1
1144	11	1
1145	13	1
1146	13	1
1147	15	1
1148	11	1
1149	14	1
1150	9	1
1151	16	1
1152	9	1
1153	11	1
1154	11	1
1155	6	1
1156	9	1
1157	8	1
1158	16	1
1159	10	1
1160	11	1
1161	11	1
1162	8	1
1163	10	1
1164	16	1
1165	10	1
1166	15	1
1167	13	1
1168	5	1
1169	8	1
1170	7	1
1171	7	1
1172	12	1
1173	14	1
1174	18	1
1175	12	1
1176	12	1
1177	15	1
1178	10	1
1179	11	1
1180	10	1
1181	7	1
1182	11	1
1183	13	1
1184	10	1
1185	10	1
1186	6	1
1187	16	1
1188	5	1
1189	10	1
1190	7	1
1191	15	1
1192	14	1
1193	13	1
1194	15	1
1195	12	1
1196	9	1
1197	13	1
1198	21	1
1199	13	1
1200	6	1
1201	12	1
1202	10	1
1203	9	1
1204	12	1
1205	11	1
1206	8	1
1207	10	1
1208	11	1
1209	13	1
1210	11	1
1211	10	1
1212	9	1
1213	7	1
1214	11	1
1215	14	1
1216	11	1
1217	13	1
1218	6	1
1219	9	1
1220	7	1
1221	11	1
1222	13	1
1223	18	1
1224	10	1
1225	12	1
1226	13	1
1227	20	1
1228	12	1
1229	4	1
1230	8	1
1231	12	1
1232	13	1
1233	16	1
1234	12	1
1235	13	1
1236	6	1
1237	9	1
1238	10	1
1239	11	1
1240	8	1
1241	11	1
1242	10	1
1243	10	1
1244	15	1
1245	10	1
1246	9	1
1247	7	1
1248	11	1
1249	9	1
1250	17	1
1251	9	1
1252	11	1
1253	11	1
1254	14	1
1255	7	1
1256	5	1
1257	11	1
1258	8	1
1259	13	1
1260	8	1
1261	11	1
1262	10	1
1263	9	1
1264	11	1
1265	14	1
1266	9	1
1267	13	1
1268	14	1
1269	12	1
1270	6	1
1271	11	1
1272	11	1
1273	6	1
1274	17	1
1275	15	1
1276	12	1
1277	5	1
1278	7	1
1279	17	1
1280	14	1
1281	8	1
1282	8	1
1283	10	1
1284	8	1
1285	7	1
1286	8	1
1287	6	1
1288	14	1
1289	11	1
1290	10	1
1291	7	1
1292	10	1
1293	15	1
1294	19	1
1295	7	1
1296	8	1
1297	17	1
1298	7	1
1299	8	1
1300	11	1
1301	12	1
1302	10	1
1303	10	1
1304	18	1
1305	8	1
1306	10	1
1307	11	1
1308	6	1
1309	10	1
1310	14	1
1311	15	1
1312	14	1
1313	9	1
1314	8	1
1315	10	1
1316	13	1
1317	13	1
1318	18	1
1319	10	1
1320	10	1
1321	10	1
1322	11	1
1323	8	1
1324	13	1
1325	6	1
1326	13	1
1327	13	1
1328	19	1
1329	9	1
1330	17	1
1331	7	1
1332	11	1
1333	12	1
1334	12	1
1335	12	1
1336	13	1
1337	17	1
1338	12	1
1339	12	1
1340	7	1
1341	8	1
1342	17	1
1343	10	1
1344	13	1
1345	14	1
1346	14	1
1347	12	1
1348	19	1
1349	9	1
1350	12	1
1351	13	1
1352	10	1
1353	8	1
1354	13	1
1355	13	1
1356	11	1
1357	6	1
1358	6	1
1359	13	1
1360	8	1
1361	14	1
1362	6	1
1363	9	1
1364	8	1
1365	5	1
1366	17	1
1367	10	1
1368	11	1
1369	8	1
1370	13	1
1371	10	1
1372	9	1
1373	15	1
1374	15	1
1375	9	1
1376	12	1
1377	11	1
1378	14	1
1379	11	1
1380	7	1
1381	12	1
1382	5	1
1383	10	1
1384	9	1
1385	11	1
1386	12	1
1387	4	1
1388	11	1
1389	6	1
1390	10	1
1391	11	1
1392	7	1
1393	13	1
1394	20	1
1395	9	1
1396	9	1
1397	13	1
1398	9	1
1399	11	1
1400	13	1
1401	8	1
1402	13	1
1403	7	1
1404	7	1
1405	11	1
1406	8	1
1407	13	1
1408	9	1
1409	9	1
1410	9	1
1411	10	1
1412	11	1
1413	9	1
1414	10	1
1415	5	1
1416	13	1
1417	11	1
1418	7	1
1419	8	1
1420	8	1
1421	12	1
1422	16	1
1423	5	1
1424	12	1
1425	10	1
1426	11	1
1427	11	1
1428	9	1
1429	12	1
1430	7	1
1431	10	1
1432	11	1
1433	10	1
1434	17	1
1435	13	1
1436	11	1
1437	11	1
1438	14	1
1439	17	1
1440	7	1
1441	15	1
1442	9	1
1443	9	1
1444	9	1
1445	8	1
1446	11	1
1447	16	1
1448	11	1
1449	12	1
1450	17	1
1451	11	1
1452	9	1
1453	9	1
1454	14	1
1455	11	1
1456	6	1
1457	15	1
1458	14	1
1459	7	1
1460	10	1
1461	12	1
1462	14	1
1463	6	1
1464	14	1
1465	14	1
1466	7	1
1467	11	1
1468	14	1
1469	13	1
1470	4	1
1471	11	1
1472	9	1
1473	7	1
1474	15	1
1475	11	1
1476	7	1
1477	9	1
1478	7	1
1479	6	1
1480	8	1
1481	13	1
1482	6	1
1483	13	1
1484	15	1
1485	11	1
1486	14	1
1487	12	1
1488	7	1
1489	4	1
1490	8	1
1491	9	1
1492	12	1
1493	13	1
1494	11	1
1495	10	1
1496	10	1
1497	15	1
1498	10	1
1499	7	1
1500	6	1
1501	11	1
1502	13	1
1503	12	1
1504	9	1
1505	6	1
1506	13	1
1507	10	1
1508	9	1
1509	9	1
1510	14	1
1511	6	1
1512	11	1
1513	12	1
1514	13	1
1515	9	1
1516	5	1
1517	15	1
1518	10	1
1519	5	1
1520	12	1
1521	8	1
1522	10	1
1523	21	1
1524	9	1
1525	16	1
1526	10	1
1527	11	1
1528	10	1
1529	10	1
1530	10	1
1531	13	1
1532	10	1
1533	15	1
1534	9	1
1535	7	1
1536	10	1
1537	13	1
1538	10	1
1539	4	1
1540	12	1
1541	16	1
1542	8	1
1543	12	1
1544	16	1
1545	11	1
1546	8	1
1547	7	1
1548	13	1
1549	14	1
1550	13	1
1551	14	1
1552	10	1
1553	7	1
1554	8	1
1555	13	1
1556	10	1
1557	7	1
1558	14	1
1559	14	1
1560	10	1
1561	7	1
1562	11	1
1563	15	1
1564	13	1
1565	11	1
1566	8	1
1567	11	1
1568	8	1
1569	9	1
1570	8	1
1571	13	1
1572	8	1
1573	8	1
1574	10	1
1575	11	1
1576	6	1
1577	9	1
1578	15	1
1579	18	1
1580	5	1
1581	8	1
1582	12	1
1583	14	1
1584	8	1
1585	7	1
1586	13	1
1587	13	1
1588	8	1
1589	11	1
1590	10	1
1591	6	1
1592	7	1
1593	10	1
1594	15	1
1595	11	1
1596	10	1
1597	12	1
1598	14	1
1599	5	1
1600	9	1
1601	16	1
1602	12	1
1603	3	1
1604	13	1
1605	10	1
1606	11	1
1607	11	1
1608	12	1
1609	9	1
1610	9	1
1611	8	1
1612	8	1
1613	14	1
1614	8	1
1615	10	1
1616	15	1
1617	14	1
1618	10	1
1619	10	1
1620	14	1
1621	12	1
1622	12	1
1623	11	1
1624	14	1
1625	9	1
1626	15	1
1627	16	1
1628	11	1
1629	14	1
1630	11	1
1631	9	1
1632	16	1
1633	6	1
1634	10	1
1635	5	1
1636	10	1
1637	8	1
1638	11	1
1639	6	1
1640	11	1
1641	11	1
1642	13	1
1643	11	1
1644	13	1
1645	13	1
1646	7	1
1647	8	1
1648	7	1
1649	10	1
1650	13	1
1651	18	1
1652	18	1
1653	14	1
1654	8	1
1655	6	1
1656	8	1
1657	9	1
1658	14	1
1659	14	1
1660	14	1
1661	24	1
1662	10	1
1663	13	1
1664	7	1
1665	11	1
1666	13	1
1667	14	1
1668	15	1
1669	9	1
1670	13	1
1671	11	1
1672	11	1
1673	16	1
1674	13	1
1675	6	1
1676	13	1
1677	11	1
1678	11	1
1679	13	1
1680	7	1
1681	11	1
1682	15	1
1683	9	1
1684	10	1
1685	10	1
1686	8	1
1687	9	1
1688	10	1
1689	15	1
1690	14	1
1691	15	1
1692	12	1
1693	6	1
1694	9	1
1695	10	1
1696	18	1
1697	12	1
1698	9	1
1699	13	1
1700	7	1
1701	7	1
1702	16	1
1703	12	1
1704	10	1
1705	9	1
1706	11	1
1707	11	1
1708	9	1
1709	8	1
1710	13	1
1711	15	1
1712	15	1
1713	19	1
1714	10	1
1715	17	1
1716	16	1
1717	8	1
1718	15	1
1719	8	1
1720	16	1
1721	16	1
1722	11	1
1723	9	1
1724	15	1
1725	8	1
1726	14	1
1727	12	1
1728	7	1
1729	8	1
1730	14	1
1731	13	1
1732	9	1
1733	13	1
1734	7	1
1735	19	1
1736	11	1
1737	12	1
1738	10	1
1739	16	1
1740	12	1
1741	10	1
1742	6	1
1743	8	1
1744	6	1
1745	8	1
1746	12	1
1747	8	1
1748	7	1
1749	15	1
1750	6	1
1751	10	1
1752	12	1
1753	10	1
1754	11	1
1755	6	1
1756	8	1
1757	7	1
1758	15	1
1759	12	1
1760	7	1
1761	20	1
1762	8	1
1763	14	1
1764	7	1
1765	11	1
1766	15	1
1767	12	1
1768	15	1
1769	10	1
1770	8	1
1771	11	1
1772	10	1
1773	9	1
1774	13	1
1775	5	1
1776	10	1
1777	11	1
1778	11	1
1779	10	1
1780	14	1
1781	11	1
1782	13	1
1783	12	1
1784	14	1
1785	15	1
1786	17	1
1787	12	1
1788	8	1
1789	8	1
1790	9	1
1791	12	1
1792	8	1
1793	10	1
1794	11	1
1795	16	1
1796	10	1
1797	9	1
1798	15	1
1799	10	1
1800	11	1
1801	10	1
1802	7	1
1803	8	1
1804	5	1
1805	10	1
1806	11	1
1807	13	1
1808	15	1
1809	8	1
1810	12	1
1811	10	1
1812	8	1
1813	13	1
1814	10	1
1815	6	1
1816	11	1
1817	13	1
1818	10	1
1819	10	1
1820	15	1
1821	17	1
1822	15	1
1823	8	1
1824	12	1
1825	15	1
1826	7	1
1827	12	1
1828	10	1
1829	5	1
1830	7	1
1831	10	1
1832	13	1
1833	11	1
1834	16	1
1835	7	1
1836	7	1
1837	9	1
1838	11	1
1839	5	1
1840	13	1
1841	6	1
1842	10	1
1843	13	1
1844	12	1
1845	18	1
1846	12	1
1847	16	1
1848	8	1
1849	15	1
1850	9	1
1851	5	1
1852	11	1
1853	12	1
1854	7	1
1855	13	1
1856	6	1
1857	14	1
1858	20	1
1859	14	1
1860	8	1
1861	8	1
1862	18	1
1863	6	1
1864	8	1
1865	13	1
1866	17	1
1867	10	1
1868	14	1
1869	10	1
1870	7	1
1871	7	1
1872	9	1
1873	13	1
1874	10	1
1875	10	1
1876	11	1
1877	14	1
1878	15	1
1879	12	1
1880	17	1
1881	11	1
1882	11	1
1883	5	1
1884	13	1
1885	12	1
1886	6	1
1887	7	1
1888	9	1
1889	8	1
1890	11	1
1891	5	1
1892	10	1
1893	15	1
1894	11	1
1895	9	1
1896	6	1
1897	9	1
1898	11	1
1899	12	1
1900	12	1
1901	8	1
1902	14	1
1903	10	1
1904	10	1
1905	12	1
1906	15	1
1907	5	1
1908	11	1
1909	12	1
1910	13	1
1911	7	1
1912	17	1
1913	9	1
1914	14	1
1915	17	1
1916	8	1
1917	9	1
1918	13	1
1919	14	1
1920	15	1
1921	13	1
1922	5	1
1923	11	1
1924	10	1
1925	12	1
1926	11	1
1927	5	1
1928	2	1
1929	11	1
1930	7	1
1931	14	1
1932	9	1
1933	10	1
1934	10	1
1935	11	1
1936	11	1
1937	11	1
1938	7	1
1939	15	1
1940	10	1
1941	7	1
1942	6	1
1943	9	1
1944	10	1
1945	12	1
1946	6	1
1947	6	1
1948	14	1
1949	8	1
1950	10	1
1951	13	1
1952	15	1
1953	14	1
1954	15	1
1955	13	1
1956	5	1
1957	13	1
1958	9	1
1959	13	1
1960	6	1
1961	15	1
1962	14	1
1963	18	1
1964	7	1
1965	6	1
1966	9	1
1967	13	1
1968	10	1
1969	19	1
1970	9	1
1971	16	1
1972	3	1
1973	15	1
1974	16	1
1975	12	1
1976	11	1
1977	7	1
1978	10	1
1979	15	1
1980	9	1
1981	6	1
1982	6	1
1983	11	1
1984	11	1
1985	17	1
1986	12	1
1987	8	1
1988	13	1
1989	11	1
1990	10	1
1991	12	1
1992	7	1
1993	15	1
1994	10	1
1995	11	1
1996	13	1
1997	5	1
1998	7	1
1999	10	1
2000	8	1
2001	8	1
2002	15	1
2003	15	1
2004	15	1
2005	10	1
2006	15	1
2007	6	1
2008	10	1
2009	19	1
2010	12	1
2011	13	1
2012	17	1
2013	16	1
2014	5	1
2015	12	1
2016	12	1
2017	16	1
2018	14	1
2019	12	1
2020	9	1
2021	10	1
2022	11	1
2023	14	1
2024	9	1
2025	11	1
2026	4	1
2027	10	1
2028	20	1
2029	8	1
2030	16	1
2031	16	1
2032	11	1
2033	12	1
2034	17	1
2035	14	1
2036	13	1
2037	5	1
2038	11	1
2039	15	1
2040	11	1
2041	10	1
2042	17	1
2043	8	1
2044	10	1
2045	8	1
2046	10	1
2047	7	1
2048	10	1
2049	8	1
2050	10	1
2051	13	1
2052	7	1
2053	12	1
2054	17	1
2055	15	1
2056	18	1
2057	20	1
2058	8	1
2059	8	1
2060	16	1
2061	10	1
2062	6	1
2063	14	1
2064	16	1
2065	11	1
2066	11	1
2067	9	1
2068	10	1
2069	17	1
2070	9	1
2071	8	1
2072	11	1
2073	12	1
2074	10	1
2075	13	1
2076	6	1
2077	12	1
2078	11	1
2079	8	1
2080	13	1
2081	8	1
2082	4	1
2083	9	1
2084	13	1
2085	12	1
2086	9	1
2087	7	1
2088	11	1
2089	7	1
2090	13	1
2091	10	1
2092	11	1
2093	5	1
2094	13	1
2095	14	1
2096	11	1
2097	8	1
2098	12	1
2099	12	1
2100	11	1
2101	8	1
2102	12	1
2103	7	1
2104	12	1
2105	7	1
2106	15	1
2107	8	1
2108	12	1
2109	16	1
2110	5	1
2111	11	1
2112	11	1
2113	9	1
2114	4	1
2115	13	1
2116	10	1
2117	15	1
2118	13	1
2119	11	1
2120	11	1
2121	10	1
2122	11	1
2123	2	1
2124	7	1
2125	11	1
2126	9	1
2127	10	1
2128	7	1
2129	9	1
2130	11	1
2131	15	1
2132	6	1
2133	10	1
2134	18	1
2135	15	1
2136	9	1
2137	9	1
2138	13	1
2139	13	1
2140	14	1
2141	19	1
2142	8	1
2143	17	1
2144	6	1
2145	11	1
2146	15	1
2147	13	1
2148	13	1
2149	11	1
2150	10	1
2151	9	1
2152	6	1
2153	10	1
2154	8	1
2155	11	1
2156	11	1
2157	12	1
2158	16	1
2159	8	1
2160	16	1
2161	6	1
2162	11	1
2163	13	1
2164	11	1
2165	9	1
2166	13	1
2167	8	1
2168	12	1
2169	10	1
2170	13	1
2171	10	1
2172	7	1
2173	9	1
2174	9	1
2175	12	1
2176	18	1
2177	14	1
2178	20	1
2179	10	1
2180	15	1
2181	9	1
2182	4	1
2183	10	1
2184	12	1
2185	12	1
2186	12	1
2187	12	1
2188	16	1
2189	15	1
2190	6	1
2191	6	1
2192	7	1
2193	13	1
2194	9	1
2195	9	1
2196	10	1
2197	12	1
2198	6	1
2199	13	1
2200	13	1
2201	13	1
2202	8	1
2203	11	1
2204	16	1
2205	4	1
2206	11	1
2207	11	1
2208	6	1
2209	9	1
2210	9	1
2211	12	1
2212	13	1
2213	7	1
2214	19	1
2215	11	1
2216	13	1
2217	17	1
2218	8	1
2219	8	1
2220	17	1
2221	12	1
2222	14	1
2223	10	1
2224	10	1
2225	6	1
2226	12	1
2227	7	1
2228	14	1
2229	15	1
2230	18	1
2231	12	1
2232	13	1
2233	10	1
2234	6	1
2235	13	1
2236	9	1
2237	11	1
2238	6	1
2239	13	1
2240	6	1
2241	9	1
2242	9	1
2243	13	1
2244	16	1
2245	14	1
2246	11	1
2247	10	1
2248	13	1
2249	10	1
2250	9	1
2251	16	1
2252	15	1
2253	6	1
2254	14	1
2255	11	1
2256	12	1
2257	12	1
2258	10	1
2259	13	1
2260	11	1
2261	10	1
2262	13	1
2263	12	1
2264	8	1
2265	12	1
2266	8	1
2267	8	1
2268	14	1
2269	11	1
2270	7	1
2271	4	1
2272	12	1
2273	7	1
2274	8	1
2275	13	1
2276	11	1
2277	10	1
2278	8	1
2279	8	1
2280	15	1
2281	17	1
2282	12	1
2283	8	1
2284	7	1
2285	7	1
2286	9	1
2287	10	1
2288	13	1
2289	10	1
2290	13	1
2291	13	1
2292	13	1
2293	7	1
2294	15	1
2295	12	1
2296	10	1
2297	14	1
2298	12	1
2299	11	1
2300	6	1
2301	17	1
2302	10	1
2303	9	1
2304	13	1
2305	11	1
2306	12	1
2307	15	1
2308	7	1
2309	9	1
2310	6	1
2311	12	1
2312	11	1
2313	13	1
2314	9	1
2315	14	1
2316	8	1
2317	15	1
2318	10	1
2319	13	1
2320	16	1
2321	10	1
2322	15	1
2323	18	1
2324	7	1
2325	5	1
2326	14	1
2327	7	1
2328	7	1
2329	6	1
2330	14	1
2331	10	1
2332	4	1
2333	12	1
2334	17	1
2335	11	1
2336	10	1
2337	16	1
2338	14	1
2339	7	1
2340	8	1
2341	13	1
2342	8	1
2343	9	1
2344	13	1
2345	10	1
2346	15	1
2347	7	1
2348	9	1
2349	7	1
2350	11	1
2351	10	1
2352	11	1
2353	10	1
2354	9	1
2355	12	1
2356	5	1
2357	15	1
2358	14	1
2359	12	1
2360	9	1
2361	9	1
2362	4	1
2363	10	1
2364	12	1
2365	7	1
2366	12	1
2367	7	1
2368	12	1
2369	13	1
2370	9	1
2371	17	1
2372	10	1
2373	13	1
2374	13	1
2375	17	1
2376	7	1
2377	9	1
2378	10	1
2379	11	1
2380	17	1
2381	11	1
2382	18	1
2383	14	1
2384	11	1
2385	13	1
2386	8	1
2387	9	1
2388	12	1
2389	13	1
2390	12	1
2391	11	1
2392	13	1
2393	7	1
2394	8	1
2395	9	1
2396	13	1
2397	7	1
2398	11	1
2399	8	1
2400	14	1
2401	11	1
2402	15	1
2403	10	1
2404	17	1
2405	10	1
2406	11	1
2407	13	1
2408	17	1
2409	15	1
2410	8	1
2411	13	1
2412	17	1
2413	10	1
2414	13	1
2415	9	1
2416	11	1
2417	13	1
2418	15	1
2419	18	1
2420	7	1
2421	11	1
2422	9	1
2423	11	1
2424	11	1
2425	10	1
2426	10	1
2427	13	1
2428	14	1
2429	10	1
2430	10	1
2431	10	1
2432	17	1
2433	4	1
2434	12	1
2435	2	1
2436	14	1
2437	5	1
2438	7	1
2439	13	1
2440	13	1
2441	10	1
2442	12	1
2443	18	1
2444	7	1
2445	9	1
2446	12	1
2447	12	1
2448	12	1
2449	8	1
2450	5	1
2451	8	1
2452	8	1
2453	9	1
2454	8	1
2455	11	1
2456	9	1
2457	11	1
2458	13	1
2459	11	1
2460	15	1
2461	13	1
2462	7	1
2463	8	1
2464	8	1
2465	14	1
2466	12	1
2467	7	1
2468	8	1
2469	8	1
2470	3	1
2471	10	1
2472	14	1
2473	8	1
2474	11	1
2475	7	1
2476	12	1
2477	5	1
2478	11	1
2479	11	1
2480	13	1
2481	10	1
2482	8	1
2483	11	1
2484	8	1
2485	11	1
2486	11	1
2487	11	1
2488	13	1
2489	13	1
2490	8	1
2491	11	1
2492	12	1
2493	17	1
2494	18	1
2495	14	1
2496	14	1
2497	8	1
2498	10	1
2499	11	1
2500	9	1
2501	6	1
2502	13	1
2503	14	1
2504	6	1
2505	9	1
2506	11	1
2507	12	1
2508	13	1
2509	11	1
2510	15	1
2511	12	1
2512	7	1
2513	8	1
2514	7	1
2515	7	1
2516	10	1
2517	9	1
2518	10	1
2519	13	1
2520	15	1
2521	9	1
2522	14	1
2523	9	1
2524	16	1
2525	12	1
2526	14	1
2527	11	1
2528	10	1
2529	12	1
2530	13	1
2531	10	1
2532	17	1
2533	13	1
2534	8	1
2535	7	1
2536	12	1
2537	15	1
2538	16	1
2539	7	1
2540	11	1
2541	11	1
2542	13	1
2543	15	1
2544	12	1
2545	12	1
2546	17	1
2547	10	1
2548	10	1
2549	10	1
2550	10	1
2551	14	1
2552	14	1
2553	7	1
2554	5	1
2555	10	1
2556	14	1
2557	7	1
2558	4	1
2559	13	1
2560	9	1
2561	18	1
2562	9	1
2563	15	1
2564	10	1
2565	6	1
2566	15	1
2567	16	1
2568	10	1
2569	7	1
2570	8	1
2571	11	1
2572	18	1
2573	7	1
2574	13	1
2575	6	1
2576	4	1
2577	12	1
2578	11	1
2579	10	1
2580	11	1
2581	9	1
2582	11	1
2583	11	1
2584	9	1
2585	16	1
2586	7	1
2587	10	1
2588	8	1
2589	7	1
2590	7	1
2591	11	1
2592	16	1
2593	12	1
2594	16	1
2595	8	1
2596	9	1
2597	11	1
2598	15	1
2599	11	1
2600	14	1
2601	11	1
2602	15	1
2603	11	1
2604	18	1
2605	9	1
2606	7	1
2607	10	1
2608	11	1
2609	13	1
2610	5	1
2611	8	1
2612	15	1
2613	18	1
2614	12	1
2615	9	1
2616	5	1
2617	8	1
2618	7	1
2619	13	1
2620	11	1
2621	9	1
2622	5	1
2623	9	1
2624	13	1
2625	10	1
2626	19	1
2627	10	1
2628	11	1
2629	10	1
2630	8	1
2631	9	1
2632	10	1
2633	14	1
2634	6	1
2635	7	1
2636	6	1
2637	9	1
2638	6	1
2639	10	1
2640	10	1
2641	12	1
2642	10	1
2643	6	1
2644	8	1
2645	8	1
2646	14	1
2647	15	1
2648	10	1
2649	12	1
2650	6	1
2651	13	1
2652	9	1
2653	7	1
2654	15	1
2655	8	1
2656	8	1
2657	7	1
2658	8	1
2659	3	1
2660	8	1
2661	18	1
2662	14	1
2663	11	1
2664	17	1
2665	18	1
2666	7	1
2667	6	1
2668	10	1
2669	21	1
2670	8	1
2671	8	1
2672	12	1
2673	15	1
2674	16	1
2675	11	1
2676	8	1
2677	17	1
2678	12	1
2679	11	1
2680	9	1
2681	10	1
2682	12	1
2683	8	1
2684	10	1
2685	4	1
2686	12	1
2687	8	1
2688	15	1
2689	5	1
2690	8	1
2691	12	1
2692	7	1
2693	19	1
2694	12	1
2695	11	1
2696	7	1
2697	14	1
2698	11	1
2699	12	1
2700	14	1
2701	7	1
2702	13	1
2703	8	1
2704	12	1
2705	9	1
2706	12	1
2707	10	1
2708	9	1
2709	10	1
2710	14	1
2711	12	1
2712	10	1
2713	8	1
2714	11	1
2715	9	1
2716	7	1
2717	11	1
2718	13	1
2719	14	1
2720	12	1
2721	14	1
2722	8	1
2723	12	1
2724	15	1
2725	10	1
2726	11	1
2727	11	1
2728	14	1
2729	20	1
2730	9	1
2731	12	1
2732	5	1
2733	8	1
2734	9	1
2735	11	1
2736	14	1
2737	12	1
2738	5	1
2739	14	1
2740	13	1
2741	11	1
2742	10	1
2743	7	1
2744	10	1
2745	7	1
2746	14	1
2747	8	1
2748	7	1
2749	11	1
2750	13	1
2751	12	1
2752	9	1
2753	13	1
2754	6	1
2755	8	1
2756	8	1
2757	15	1
2758	11	1
2759	15	1
2760	7	1
2761	16	1
2762	10	1
2763	10	1
2764	10	1
2765	13	1
2766	4	1
2767	11	1
2768	11	1
2769	5	1
2770	13	1
2771	14	1
2772	6	1
2773	10	1
2774	9	1
2775	9	1
2776	14	1
2777	9	1
2778	6	1
2779	10	1
2780	10	1
2781	10	1
2782	15	1
2783	13	1
2784	13	1
2785	9	1
2786	13	1
2787	17	1
2788	14	1
2789	11	1
2790	17	1
2791	11	1
2792	12	1
2793	12	1
2794	12	1
2795	10	1
2796	13	1
2797	16	1
2798	7	1
2799	14	1
2800	14	1
2801	12	1
2802	10	1
2803	8	1
2804	12	1
2805	14	1
2806	16	1
2807	4	1
2808	5	1
2809	14	1
2810	21	1
2811	16	1
2812	9	1
2813	18	1
2814	6	1
2815	10	1
2816	20	1
2817	7	1
2818	11	1
2819	13	1
2820	4	1
2821	18	1
2822	11	1
2823	14	1
2824	18	1
2825	13	1
2826	4	1
2827	14	1
2828	13	1
2829	11	1
2830	11	1
2831	8	1
2832	7	1
2833	12	1
2834	8	1
2835	13	1
2836	11	1
2837	10	1
2838	6	1
2839	8	1
2840	11	1
2841	20	1
2842	12	1
2843	7	1
2844	9	1
2845	6	1
2846	8	1
2847	7	1
2848	7	1
2849	11	1
2850	13	1
2851	10	1
2852	11	1
2853	14	1
2854	11	1
2855	15	1
2856	9	1
2857	10	1
2858	6	1
2859	8	1
2860	9	1
2861	9	1
2862	10	1
2863	8	1
2864	5	1
2865	12	1
2866	13	1
2867	11	1
2868	15	1
2869	9	1
2870	13	1
2871	15	1
2872	17	1
2873	11	1
2874	10	1
2875	7	1
2876	14	1
2877	15	1
2878	10	1
2879	11	1
2880	7	1
2881	9	1
2882	13	1
2883	11	1
2884	8	1
2885	12	1
2886	10	1
2887	9	1
2888	16	1
2889	7	1
2890	9	1
2891	3	1
2892	11	1
2893	10	1
2894	7	1
2895	4	1
2896	13	1
2897	11	1
2898	10	1
2899	13	1
2900	13	1
2901	10	1
2902	10	1
2903	11	1
2904	11	1
2905	5	1
2906	13	1
2907	17	1
2908	13	1
2909	10	1
2910	11	1
2911	14	1
2912	13	1
2913	9	1
2914	11	1
2915	13	1
2916	10	1
2917	4	1
2918	7	1
2919	4	1
2920	13	1
2921	14	1
2922	9	1
2923	10	1
2924	13	1
2925	9	1
2926	10	1
2927	15	1
2928	14	1
2929	11	1
2930	7	1
2931	13	1
2932	8	1
2933	15	1
2934	10	1
2935	19	1
2936	16	1
2937	15	1
2938	12	1
2939	8	1
2940	10	1
2941	17	1
2942	12	1
2943	12	1
2944	25	1
2945	11	1
2946	9	1
2947	8	1
2948	18	1
2949	11	1
2950	8	1
2951	14	1
2952	9	1
2953	11	1
2954	13	1
2955	10	1
2956	12	1
2957	17	1
2958	15	1
2959	10	1
2960	10	1
2961	7	1
2962	11	1
2963	9	1
2964	5	1
2965	8	1
2966	16	1
2967	22	1
2968	17	1
2969	16	1
2970	10	1
2971	16	1
2972	11	1
2973	22	1
2974	13	1
2975	11	1
2976	12	1
2977	11	1
2978	12	1
2979	10	1
2980	8	1
2981	12	1
2982	8	1
2983	14	1
2984	17	1
2985	6	1
2986	12	1
2987	7	1
2988	9	1
2989	8	1
2990	15	1
2991	13	1
2992	12	1
2993	8	1
2994	7	1
2995	16	1
2996	9	1
2997	13	1
2998	18	1
2999	15	1
3000	8	1
3001	16	1
3002	12	1
3003	7	1
3004	10	1
3005	5	1
3006	13	1
3007	7	1
3008	16	1
3009	11	1
3010	9	1
3011	12	1
3012	9	1
3013	8	1
3014	8	1
3015	10	1
3016	15	1
3017	10	1
3018	11	1
3019	4	1
3020	13	1
3021	9	1
3022	9	1
3023	12	1
3024	13	1
3025	6	1
3026	10	1
3027	12	1
3028	8	1
3029	18	1
3030	8	1
3031	12	1
3032	13	1
3033	7	1
3034	11	1
3035	5	1
3036	13	1
3037	9	1
3038	14	1
3039	4	1
3040	9	1
3041	12	1
3042	10	1
3043	9	1
3044	13	1
3045	15	1
3046	9	1
3047	10	1
3048	10	1
3049	18	1
3050	9	1
3051	14	1
3052	8	1
3053	11	1
3054	5	1
3055	13	1
3056	11	1
3057	8	1
3058	14	1
3059	9	1
3060	10	1
3061	13	1
3062	9	1
3063	16	1
3064	17	1
3065	14	1
3066	10	1
3067	10	1
3068	7	1
3069	17	1
3070	11	1
3071	9	1
3072	5	1
3073	8	1
3074	15	1
3075	12	1
3076	12	1
3077	18	1
3078	15	1
3079	9	1
3080	8	1
3081	9	1
3082	7	1
3083	15	1
3084	15	1
3085	8	1
3086	15	1
3087	5	1
3088	10	1
3089	12	1
3090	16	1
3091	16	1
3092	8	1
3093	14	1
3094	14	1
3095	10	1
3096	7	1
3097	15	1
3098	14	1
3099	15	1
3100	12	1
3101	21	1
3102	8	1
3103	14	1
3104	12	1
3105	8	1
3106	10	1
3107	5	1
3108	4	1
3109	11	1
3110	17	1
3111	14	1
3112	11	1
3113	9	1
3114	12	1
3115	16	1
3116	13	1
3117	18	1
3118	12	1
3119	5	1
3120	7	1
3121	10	1
3122	13	1
3123	8	1
3124	16	1
3125	9	1
3126	11	1
3127	15	1
3128	10	1
3129	16	1
3130	17	1
3131	20	1
3132	9	1
3133	11	1
3134	20	1
3135	5	1
3136	14	1
3137	24	1
3138	16	1
3139	11	1
3140	11	1
3141	7	1
3142	9	1
3143	11	1
3144	19	1
3145	13	1
3146	17	1
3147	12	1
3148	12	1
3149	21	1
3150	7	1
3151	9	1
3152	13	1
3153	13	1
3154	11	1
3155	10	1
3156	7	1
3157	7	1
3158	9	1
3159	10	1
3160	10	1
3161	10	1
3162	9	1
3163	6	1
3164	10	1
3165	16	1
3166	11	1
3167	13	1
3168	16	1
3169	12	1
3170	8	1
3171	12	1
3172	13	1
3173	15	1
3174	12	1
3175	11	1
3176	14	1
3177	11	1
3178	11	1
3179	11	1
3180	15	1
3181	10	1
3182	10	1
3183	14	1
3184	6	1
3185	9	1
3186	11	1
3187	10	1
3188	10	1
3189	5	1
3190	9	1
3191	11	1
3192	7	1
3193	11	1
3194	9	1
3195	19	1
3196	11	1
3197	17	1
3198	10	1
3199	8	1
3200	10	1
3201	13	1
3202	12	1
3203	16	1
3204	16	1
3205	12	1
3206	7	1
3207	13	1
3208	9	1
3209	3	1
3210	7	1
3211	9	1
3212	11	1
3213	9	1
3214	15	1
3215	11	1
3216	13	1
3217	11	1
3218	15	1
3219	11	1
3220	8	1
3221	9	1
3222	10	1
3223	8	1
3224	8	1
3225	14	1
3226	13	1
3227	11	1
3228	11	1
3229	8	1
3230	16	1
3231	17	1
3232	17	1
3233	8	1
3234	11	1
3235	12	1
3236	8	1
3237	10	1
3238	13	1
3239	15	1
3240	13	1
3241	13	1
3242	11	1
3243	9	1
3244	18	1
3245	16	1
3246	8	1
3247	20	1
3248	8	1
3249	10	1
3250	13	1
3251	10	1
3252	11	1
3253	11	1
3254	10	1
3255	15	1
3256	10	1
3257	12	1
3258	13	1
3259	18	1
3260	12	1
3261	15	1
3262	8	1
3263	11	1
3264	6	1
3265	8	1
3266	10	1
3267	13	1
3268	10	1
3269	7	1
3270	14	1
3271	14	1
3272	12	1
3273	16	1
3274	12	1
3275	14	1
3276	11	1
3277	16	1
3278	6	1
3279	8	1
3280	16	1
3281	12	1
3282	18	1
3283	6	1
3284	11	1
3285	10	1
3286	13	1
3287	10	1
3288	11	1
3289	12	1
3290	10	1
3291	12	1
3292	12	1
3293	14	1
3294	5	1
3295	9	1
3296	8	1
3297	14	1
3298	13	1
3299	11	1
3300	6	1
3301	14	1
3302	13	1
3303	11	1
3304	12	1
3305	17	1
3306	8	1
3307	11	1
3308	8	1
3309	10	1
3310	11	1
3311	11	1
3312	10	1
3313	12	1
3314	13	1
3315	16	1
3316	18	1
3317	7	1
3318	16	1
3319	12	1
3320	13	1
3321	9	1
3322	13	1
3323	8	1
3324	10	1
3325	11	1
3326	11	1
3327	9	1
3328	5	1
3329	11	1
3330	10	1
3331	10	1
3332	9	1
3333	12	1
3334	9	1
3335	9	1
3336	9	1
3337	9	1
3338	13	1
3339	7	1
3340	12	1
3341	13	1
3342	10	1
3343	12	1
3344	8	1
3345	8	1
3346	12	1
3347	15	1
3348	15	1
3349	9	1
3350	12	1
3351	10	1
3352	11	1
3353	11	1
3354	6	1
3355	9	1
3356	9	1
3357	14	1
3358	13	1
3359	17	1
3360	13	1
3361	4	1
3362	15	1
3363	11	1
3364	11	1
3365	7	1
3366	9	1
3367	18	1
3368	7	1
3369	5	1
3370	7	1
3371	16	1
3372	8	1
3373	17	1
3374	9	1
3375	15	1
3376	10	1
3377	14	1
3378	11	1
3379	12	1
3380	13	1
3381	9	1
3382	14	1
3383	11	1
3384	12	1
3385	14	1
3386	14	1
3387	8	1
3388	5	1
3389	7	1
3390	15	1
3391	9	1
3392	7	1
3393	11	1
3394	12	1
3395	11	1
3396	14	1
3397	8	1
3398	10	1
3399	8	1
3400	14	1
3401	13	1
3402	10	1
3403	12	1
3404	9	1
3405	19	1
3406	14	1
3407	12	1
3408	8	1
3409	11	1
3410	17	1
3411	14	1
3412	4	1
3413	10	1
3414	9	1
3415	9	1
3416	9	1
3417	9	1
3418	5	1
3419	13	1
3420	20	1
3421	9	1
3422	13	1
3423	7	1
3424	11	1
3425	16	1
3426	12	1
3427	15	1
3428	14	1
3429	8	1
3430	10	1
3431	14	1
3432	9	1
3433	10	1
3434	14	1
3435	8	1
3436	10	1
3437	16	1
3438	7	1
3439	9	1
3440	13	1
3441	13	1
3442	8	1
3443	14	1
3444	7	1
3445	11	1
3446	12	1
3447	10	1
3448	15	1
3449	7	1
3450	7	1
3451	16	1
3452	10	1
3453	7	1
3454	7	1
3455	11	1
3456	4	1
3457	12	1
3458	10	1
3459	10	1
3460	10	1
3461	8	1
3462	6	1
3463	11	1
3464	9	1
3465	10	1
3466	14	1
3467	6	1
3468	10	1
3469	14	1
3470	5	1
3471	14	1
3472	11	1
3473	10	1
3474	8	1
3475	7	1
3476	10	1
3477	10	1
3478	8	1
3479	8	1
3480	11	1
3481	9	1
3482	12	1
3483	13	1
3484	11	1
3485	11	1
3486	11	1
3487	10	1
3488	18	1
3489	9	1
3490	8	1
3491	11	1
3492	16	1
3493	9	1
3494	13	1
3495	8	1
3496	7	1
3497	11	1
3498	10	1
3499	11	1
3500	4	1
3501	6	1
3502	11	1
3503	6	1
3504	15	1
3505	11	1
3506	15	1
3507	6	1
3508	11	1
3509	5	1
3510	13	1
3511	13	1
3512	13	1
3513	8	1
3514	8	1
3515	7	1
3516	8	1
3517	14	1
3518	11	1
3519	15	1
3520	12	1
3521	10	1
3522	11	1
3523	15	1
3524	13	1
3525	11	1
3526	11	1
3527	12	1
3528	15	1
3529	7	1
3530	12	1
3531	14	1
3532	7	1
3533	8	1
3534	17	1
3535	11	1
3536	13	1
3537	9	1
3538	10	1
3539	9	1
3540	7	1
3541	15	1
3542	8	1
3543	6	1
3544	11	1
3545	19	1
3546	15	1
3547	8	1
3548	10	1
3549	13	1
3550	9	1
3551	8	1
3552	9	1
3553	11	1
3554	15	1
3555	14	1
3556	11	1
3557	18	1
3558	12	1
3559	15	1
3560	8	1
3561	9	1
3562	8	1
3563	14	1
3564	5	1
3565	8	1
3566	13	1
3567	10	1
3568	7	1
3569	4	1
3570	14	1
3571	7	1
3572	14	1
3573	16	1
3574	11	1
3575	12	1
3576	9	1
3577	9	1
3578	13	1
3579	12	1
3580	7	1
3581	10	1
3582	11	1
3583	14	1
3584	7	1
3585	10	1
3586	11	1
3587	7	1
3588	10	1
3589	8	1
3590	11	1
3591	11	1
3592	10	1
3593	11	1
3594	11	1
3595	16	1
3596	13	1
3597	9	1
3598	12	1
3599	18	1
3600	11	1
3601	10	1
3602	5	1
3603	12	1
3604	6	1
3605	14	1
3606	7	1
3607	18	1
3608	11	1
3609	11	1
3610	6	1
3611	12	1
3612	8	1
3613	11	1
3614	12	1
3615	8	1
3616	16	1
3617	14	1
3618	10	1
3619	11	1
3620	16	1
3621	9	1
3622	17	1
3623	12	1
3624	14	1
3625	10	1
3626	14	1
3627	8	1
3628	15	1
3629	14	1
3630	11	1
3631	10	1
3632	6	1
3633	9	1
3634	10	1
3635	10	1
3636	14	1
3637	15	1
3638	12	1
3639	11	1
3640	9	1
3641	18	1
3642	9	1
3643	16	1
3644	13	1
3645	13	1
3646	12	1
3647	7	1
3648	12	1
3649	9	1
3650	13	1
3651	7	1
3652	15	1
3653	12	1
3654	7	1
3655	13	1
3656	5	1
3657	12	1
3658	13	1
3659	10	1
3660	11	1
3661	12	1
3662	13	1
3663	11	1
3664	15	1
3665	14	1
3666	10	1
3667	12	1
3668	19	1
3669	11	1
3670	19	1
3671	8	1
3672	8	1
3673	13	1
3674	10	1
3675	13	1
3676	7	1
3677	5	1
3678	6	1
3679	8	1
3680	7	1
3681	19	1
3682	11	1
3683	12	1
3684	11	1
3685	15	1
3686	16	1
3687	9	1
3688	16	1
3689	11	1
3690	13	1
3691	9	1
3692	11	1
3693	16	1
3694	8	1
3695	12	1
3696	11	1
3697	10	1
3698	14	1
3699	10	1
3700	10	1
3701	9	1
3702	11	1
3703	10	1
3704	12	1
3705	7	1
3706	6	1
3707	13	1
3708	13	1
3709	9	1
3710	11	1
3711	8	1
3712	10	1
3713	15	1
3714	14	1
3715	12	1
3716	17	1
3717	9	1
3718	12	1
3719	14	1
3720	11	1
3721	11	1
3722	10	1
3723	12	1
3724	21	1
3725	8	1
3726	10	1
3727	13	1
3728	15	1
3729	17	1
3730	15	1
3731	12	1
3732	6	1
3733	10	1
3734	14	1
3735	3	1
3736	6	1
3737	10	1
3738	10	1
3739	6	1
3740	9	1
3741	16	1
3742	9	1
3743	9	1
3744	11	1
3745	7	1
3746	11	1
3747	12	1
3748	7	1
3749	9	1
3750	15	1
3751	9	1
3752	15	1
3753	14	1
3754	5	1
3755	13	1
3756	8	1
3757	10	1
3758	13	1
3759	8	1
3760	17	1
3761	9	1
3762	13	1
3763	9	1
3764	11	1
3765	11	1
3766	12	1
3767	9	1
3768	11	1
3769	8	1
3770	8	1
3771	15	1
3772	11	1
3773	7	1
3774	13	1
3775	10	1
3776	10	1
3777	13	1
3778	11	1
3779	17	1
3780	11	1
3781	11	1
3782	11	1
3783	5	1
3784	7	1
3785	8	1
3786	10	1
3787	11	1
3788	13	1
3789	8	1
3790	10	1
3791	5	1
3792	13	1
3793	16	1
3794	14	1
3795	9	1
3796	14	1
3797	16	1
3798	8	1
3799	11	1
3800	17	1
3801	13	1
3802	7	1
3803	12	1
3804	7	1
3805	12	1
3806	11	1
3807	12	1
3808	12	1
3809	11	1
3810	12	1
3811	14	1
3812	6	1
3813	10	1
3814	10	1
3815	13	1
3816	14	1
3817	12	1
3818	7	1
3819	5	1
3820	10	1
3821	17	1
3822	11	1
3823	8	1
3824	14	1
3825	13	1
3826	8	1
3827	6	1
3828	7	1
3829	8	1
3830	11	1
3831	10	1
3832	15	1
3833	10	1
3834	8	1
3835	11	1
3836	14	1
3837	9	1
3838	6	1
3839	14	1
3840	10	1
3841	12	1
3842	7	1
3843	8	1
3844	16	1
3845	9	1
3846	8	1
3847	10	1
3848	8	1
3849	17	1
3850	11	1
3851	18	1
3852	11	1
3853	8	1
3854	9	1
3855	8	1
3856	12	1
3857	12	1
3858	10	1
3859	17	1
3860	10	1
3861	15	1
3862	10	1
3863	14	1
3864	12	1
3865	10	1
3866	10	1
3867	9	1
3868	12	1
3869	12	1
3870	14	1
3871	9	1
3872	11	1
3873	7	1
3874	12	1
3875	6	1
3876	8	1
3877	8	1
3878	15	1
3879	11	1
3880	10	1
3881	9	1
3882	13	1
3883	10	1
3884	11	1
3885	17	1
3886	9	1
3887	18	1
3888	12	1
3889	9	1
3890	12	1
3891	13	1
3892	15	1
3893	10	1
3894	8	1
3895	13	1
3896	7	1
3897	15	1
3898	14	1
3899	7	1
3900	13	1
3901	11	1
3902	10	1
3903	9	1
3904	16	1
3905	14	1
3906	10	1
3907	9	1
3908	8	1
3909	5	1
3910	9	1
3911	10	1
3912	11	1
3913	10	1
3914	6	1
3915	13	1
3916	20	1
3917	10	1
3918	11	1
3919	17	1
3920	7	1
3921	10	1
3922	11	1
3923	15	1
3924	12	1
3925	16	1
3926	11	1
3927	11	1
3928	15	1
3929	10	1
3930	10	1
3931	8	1
3932	15	1
3933	12	1
3934	9	1
3935	12	1
3936	13	1
3937	12	1
3938	12	1
3939	13	1
3940	17	1
3941	7	1
3942	9	1
3943	14	1
3944	14	1
3945	6	1
3946	9	1
3947	7	1
3948	8	1
3949	13	1
3950	11	1
3951	14	1
3952	13	1
3953	12	1
3954	13	1
3955	19	1
3956	6	1
3957	6	1
3958	14	1
3959	9	1
3960	6	1
3961	12	1
3962	9	1
3963	8	1
3964	13	1
3965	12	1
3966	13	1
3967	14	1
3968	12	1
3969	13	1
3970	12	1
3971	15	1
3972	9	1
3973	6	1
3974	16	1
3975	7	1
3976	13	1
3977	11	1
3978	10	1
3979	14	1
3980	13	1
3981	11	1
3982	8	1
3983	12	1
3984	9	1
3985	9	1
3986	15	1
3987	8	1
3988	15	1
3989	8	1
3990	16	1
3991	9	1
3992	6	1
3993	11	1
3994	6	1
3995	11	1
3996	12	1
3997	13	1
3998	11	1
3999	10	1
